{
  "args": {
    "facts": [
      2,
      4,
      8,
      16,
      24,
      32,
      48
    ],
    "noise": 64,
    "w": 16,
    "d": 32,
    "codebook": 64,
    "trials": 200,
    "seed": 0,
    "out": "/Users/loversky/Documents/Build with Paper/hola/results"
  },
  "facts": [
    2,
    4,
    8,
    16,
    24,
    32,
    48
  ],
  "results": {
    "state": [
      0.705,
      0.64,
      0.53,
      0.35625,
      0.24749999824911356,
      0.2040625,
      0.14072916605509816
    ],
    "importance": [
      1.0,
      1.0,
      1.0,
      0.994375,
      0.6689583486318589,
      0.50609375,
      0.3407291705906391
    ],
    "recency": [
      0.0275,
      0.01375,
      0.0125,
      0.011875,
      0.01687500048428774,
      0.01640625,
      0.015937500381842256
    ]
  }
}